username,category,status
lebaskhab5xl,fashion,pending
elinor_boutique,fashion,pending
adakmode,fashion,pending
nicy_mezon,fashion,pending
bigsize.gelariss,fashion,pending
atlasii.ir,fashion,pending
majlesi_tehran,fashion,pending
topstyle_vip,fashion,pending
malakee.shop,fashion,pending
oweis.qeshm,fashion,pending
merycolllection,fashion,pending
tolidy_moda,fashion,pending
ladylandkuka,fashion,pending
pxelshop,fashion,pending
alijenab.womens,fashion,pending
momishik12,fashion,pending
badikadeh_omde,fashion,pending
raika_online_shop,fashion,pending
pooshak.soheil,fashion,pending
majlesi_arzan,fashion,pending
modaa.home,fashion,pending
tolidi_farid,fashion,pending
ana_poushak,fashion,pending
poshak.hani.lady,fashion,pending
satin.dress,fashion,pending
elaracollection,fashion,pending
parsimezon,fashion,pending
mahsetishop,fashion,pending
janan.gallery.ir,fashion,pending
neev.ir,fashion,pending
chooblebasi.sari,fashion,pending
orginal_kord,fashion,pending
toolidi_tannaz,fashion,pending
poshakedaymod,fashion,pending
titi.shop66,fashion,pending
blstylish,fashion,pending
hanar_underwears,fashion,pending
manto.parmeis,fashion,pending
sunteen.ir,fashion,pending
elen.mezon,fashion,pending
gallery_mike_lanj369,fashion,pending
yasna.clothing,fashion,pending
pino_bikini,fashion,pending
mioo_boutique,fashion,pending
missstylebtq,fashion,pending
stock_fardin,fashion,pending
pooshakk_off,fashion,pending
alo.omde,fashion,pending
stock_tik,fashion,pending
tanposhe_shahkar_bnd,fashion,pending
style_mahan,fashion,pending
hiwaashop,fashion,pending
foorooshgah_rose,fashion,pending
mezonn21,fashion,pending
rosemari.boutique,fashion,pending
_algey,fashion,pending
nsrin_design,fashion,pending
nira.set,fashion,pending
pooshanik.ir,fashion,pending
pushak_karimiafshar,fashion,pending
pooshak_sarina2,fashion,pending
roshagalleryi,fashion,pending
hiimanshop,fashion,pending
modaliin_gallery,fashion,pending
53sport_shop,fashion,pending
fasa_mahdokht,fashion,pending
mahpari.shop,fashion,pending
poushak_tehran,fashion,pending
pino__shop,fashion,pending
deniz_stylee1,fashion,pending
khaliil.shop,fashion,pending
esmara_shop_ahvaz,fashion,pending
blueland_boutique,fashion,pending
selina.shop1,fashion,pending
reem___onlineshop,fashion,pending
shaadpoosh.ir,fashion,pending
faranak.mezon2,fashion,pending
marryland.shop,fashion,pending
zhoan.shop,fashion,pending
7set_arak,fashion,pending
mezonmobina,fashion,pending
sportchi7,fashion,pending
missanna.storee,fashion,pending
mezondia,fashion,pending
avin_taak,fashion,pending
tapland.majlesi,fashion,pending
terme.lady,fashion,pending
dorshell__design,fashion,pending
mandana.collection1,fashion,pending
janan_mzone,fashion,pending
fashion_women_iliya,fashion,pending
aylin.shop.abadan,fashion,pending
nesoutram,fashion,pending
karma.gallery,fashion,pending
sarviin.collection,fashion,pending
arianshiko,fashion,pending
pooshesh__jonoobi,fashion,pending
melorinanzali,fashion,pending
gallery_fil,fashion,pending
nelin_mezon,fashion,pending
